Date,Open,High,Low,Close,Volume,Count
5/18/2012,42.05,45,38,38.23,580587742,1130
5/17/2012,,,,38,0,1129
5/21/2012,36.53,36.66,33,34.03,168309831,1128
5/22/2012,32.61,33.59,30.94,31,102053826,1127
5/23/2012,31.37,32.5,31.36,32,73721135,1126
5/24/2012,32.95,33.21,31.77,33.03,50275879,1125
5/25/2012,32.9,32.95,31.11,31.91,37189630,1124
5/29/2012,31.48,31.69,28.65,28.84,78060799,1123
5/30/2012,28.7,29.55,27.86,28.19,57267867,1122
5/31/2012,28.54,29.67,26.83,29.6,111639200,1121
6/1/2012,28.89,29.15,27.39,27.72,41855500,1120
6/4/2012,27.2,27.65,26.44,26.9,35230290,1119
6/5/2012,26.7,27.76,25.75,25.87,42473262,1118
6/6/2012,26.07,27.17,25.52,26.81,61487019,1117
6/7/2012,27,27.35,26.15,26.31,26167757,1116
6/8/2012,26.55,27.76,26.44,27.1,38033420,1115
6/11/2012,27.18,28.07,26.84,27,28225887,1114
6/12/2012,27.48,27.77,26.96,27.4,15822414,1113
6/13/2012,27.66,28.1,27.1,27.27,17118672,1112
6/14/2012,27.65,28.32,27.38,28.29,16854124,1111
6/15/2012,28.5,30.1,28.35,30.01,43563739,1110
6/18/2012,29.96,32.08,29.41,31.41,42978209,1109
6/19/2012,31.54,32.18,30.7,31.91,30848913,1108
6/20/2012,31.92,31.93,31.15,31.6,15558921,1107
6/21/2012,31.67,32.5,31.51,31.84,21875228,1106
6/22/2012,32.41,33.45,32.06,33.05,74833976,1105
6/25/2012,32.86,33.02,31.55,32.06,24352818,1104
6/26/2012,32.69,33.44,32.5,33.1,24858611,1103
6/27/2012,32.46,32.9,31.9,32.23,28599506,1102
6/28/2012,31.96,32.19,30.9,31.36,17713292,1101
6/29/2012,31.92,31.99,30.76,31.1,19526823,1100
7/2/2012,31.25,31.73,30.55,30.77,14131476,1099
7/3/2012,30.91,31.44,30.8,31.2,8765498,1098
7/5/2012,31.32,31.62,31.02,31.47,10036688,1097
7/6/2012,31.44,31.9,31.26,31.73,10949006,1096
7/9/2012,32.1,32.88,31.99,32.17,17785180,1095
7/10/2012,32.43,32.48,31.16,31.47,14276996,1094
7/11/2012,31.48,31.56,30.55,30.97,13027752,1093
7/12/2012,30.7,31.4,30.6,30.81,11306636,1092
7/13/2012,31.04,31.07,30.56,30.72,8117346,1091
7/16/2012,30.5,30.5,28.21,28.24,24672074,1090
7/17/2012,28.48,28.59,27.15,28.09,30438551,1089
7/18/2012,28.31,29.29,28.15,29.11,16841779,1088
7/19/2012,29.41,29.5,28.63,29,13685031,1087
7/20/2012,29,29.47,28.72,28.76,11869046,1086
7/23/2012,28.12,29,28.01,28.75,12393864,1085
7/24/2012,28.82,29.45,28.1,28.45,11539799,1084
7/25/2012,28.39,29.49,28.08,29.34,17230154,1083
7/26/2012,27.75,28.23,26.73,26.84,64597378,1082
7/27/2012,23.19,24.54,22.28,23.7,123098340,1081
7/30/2012,24,24.04,23.03,23.15,29285895,1080
7/31/2012,23.37,23.37,21.61,21.71,56179322,1079
8/1/2012,21.5,21.58,20.84,20.88,44604365,1078
8/2/2012,20.77,20.84,19.82,20.04,56374436,1077
8/3/2012,20.36,22.16,19.9,21.09,80646975,1076
8/6/2012,21.39,22.15,21.3,21.92,27778038,1075
8/7/2012,22.2,22.45,20.5,20.72,36782827,1074
8/8/2012,20.71,21.15,20.22,20.72,29537376,1073
8/9/2012,20.75,21.17,20.61,21.01,15618515,1072
8/10/2012,21.41,21.82,21.13,21.81,25794673,1071
8/13/2012,22.15,22.45,21.4,21.6,24972973,1070
8/14/2012,21.41,21.6,20.25,20.38,39308634,1069
8/15/2012,20.64,21.41,20.4,21.2,47860767,1068
8/16/2012,20.44,20.48,19.69,19.87,157554938,1067
8/17/2012,20,20.08,19,19.05,129293342,1066
8/20/2012,19.05,20.13,18.75,20.01,101186524,1065
8/21/2012,19.58,19.98,19.09,19.16,70640462,1064
8/22/2012,19.36,19.53,18.96,19.44,49892130,1063
8/23/2012,19.5,19.73,19.36,19.44,32813310,1062
8/24/2012,19.52,19.68,19.25,19.41,29622155,1061
8/27/2012,19.49,19.53,19.1,19.15,20703907,1060
8/28/2012,19.1,19.38,18.95,19.34,25425786,1059
8/29/2012,19.32,19.38,19.07,19.1,16124625,1058
8/30/2012,19.27,19.45,19.06,19.09,30647472,1057
8/31/2012,18.68,18.7,18.03,18.06,58764170,1056
9/4/2012,18.08,18.27,17.55,17.73,46622354,1055
9/5/2012,18.27,18.75,18.18,18.58,60781719,1054
9/6/2012,18.74,19.26,18.72,18.96,46066347,1053
9/7/2012,19.1,19.42,18.78,18.98,36371696,1052
9/10/2012,19.06,19.2,18.55,18.81,24797642,1051
9/11/2012,18.92,19.58,18.85,19.43,50508126,1050
9/12/2012,20.76,21.16,20.28,20.93,121583996,1049
9/13/2012,20.96,21.48,20.61,20.71,65041524,1048
9/14/2012,21.13,22.08,20.9,22,72819643,1047
9/17/2012,22.67,22.75,21.5,21.52,50666447,1046
9/18/2012,21.6,21.98,21.37,21.87,36760449,1045
9/19/2012,21.99,23.37,21.77,23.29,78782783,1044
9/20/2012,23.02,23.24,22.54,22.59,57248663,1043
9/21/2012,22.97,23.24,22.6,22.86,51218097,1042
9/24/2012,21.77,21.98,20.36,20.79,79105121,1041
9/25/2012,21.2,21.21,20.22,20.28,46291655,1040
9/26/2012,20.14,20.78,19.8,20.62,38271878,1039
9/27/2012,20.99,21,20.16,20.32,30215821,1038
9/28/2012,20.57,21.95,20.5,21.66,65485921,1037
10/1/2012,22.08,22.59,21.73,21.99,51262680,1036
10/2/2012,22.08,22.49,21.82,22.27,29341393,1035
10/3/2012,22.3,22.49,21.8,21.83,32000079,1034
10/4/2012,22.32,22.4,21.41,21.95,46894595,1033
10/5/2012,21.49,21.63,20.88,20.91,40529223,1032
10/8/2012,20.62,20.75,20.16,20.4,32236628,1031
10/9/2012,20.39,20.55,19.97,20.23,27161736,1030
10/10/2012,19.93,19.94,19.45,19.64,39321758,1029
10/11/2012,19.88,19.96,19.61,19.75,21817227,1028
10/12/2012,19.75,19.8,19.48,19.52,18809397,1027
10/15/2012,19.68,19.88,19.49,19.52,20189668,1026
10/16/2012,19.68,19.69,19.3,19.48,21834687,1025
10/17/2012,19.5,20.48,19.37,19.88,44074433,1024
10/18/2012,19.7,19.79,18.89,18.98,52157366,1023
10/19/2012,19,19.06,18.8,19,34834947,1022
10/22/2012,19.2,19.43,19.05,19.32,32447005,1021
10/23/2012,19.25,19.8,19.1,19.5,78381102,1020
10/24/2012,24.13,24.25,22.85,23.23,228949142,1019
10/25/2012,23.29,23.31,22.47,22.56,76141922,1018
10/26/2012,22.4,22.88,21.88,21.94,73259521,1017
10/31/2012,20.82,21.5,20.73,21.11,99378184,1016
11/1/2012,21.08,21.44,21.01,21.21,37713887,1015
11/2/2012,21.26,21.69,21.07,21.18,38344332,1014
11/5/2012,21.1,21.48,20.92,21.25,31806692,1013
11/6/2012,21.24,21.37,20.99,21.17,29062642,1012
11/7/2012,20.85,20.95,20.37,20.47,33396731,1011
11/8/2012,20.52,20.73,19.98,19.99,34254535,1010
11/9/2012,19.96,20,19.13,19.21,42295434,1009
11/12/2012,19.15,20.17,18.87,20.07,67349109,1008
11/13/2012,19.6,20.11,19.56,19.86,71775069,1007
11/14/2012,20.1,22.5,19.93,22.36,229750911,1006
11/15/2012,22.34,22.5,21.65,22.17,78857405,1005
11/16/2012,22.25,23.93,22.18,23.56,107182168,1004
11/19/2012,23.96,24.12,22.82,22.92,85021259,1003
11/20/2012,22.73,23.9,22.7,23.1,46655291,1002
11/21/2012,23.22,24.53,23.05,24.32,89862342,1001
11/23/2012,24.58,24.68,23.88,24,29520311,1000
11/26/2012,24.94,26.09,24.81,25.94,123862051,999
11/27/2012,26.04,26.5,25.46,26.15,85760074,998
11/28/2012,25.94,26.49,25.75,26.36,49205508,997
11/29/2012,26.5,27.52,26.16,27.32,88759067,996
11/30/2012,27.26,28,26.76,28,127049545,995
12/3/2012,28,28.88,26.98,27.04,123525093,994
12/4/2012,27.06,27.76,26.68,27.46,72912724,993
12/5/2012,27.75,27.9,27.26,27.71,58974841,992
12/6/2012,27.68,27.75,26.82,26.97,46001493,991
12/7/2012,27.07,27.78,26.84,27.48,51751806,990
12/10/2012,27.17,28.17,27.1,27.84,50608466,989
12/11/2012,28.07,28.24,27.66,27.98,77099033,988
12/12/2012,28,28.14,27.37,27.58,46704201,987
12/13/2012,27.59,28.75,27.43,28.24,81051549,986
12/14/2012,28.18,28.33,26.76,26.81,91631545,985
12/17/2012,26.77,27,26.32,26.75,57742403,984
12/18/2012,26.96,27.91,26.9,27.71,60512872,983
12/19/2012,27.83,28.22,26.95,27.41,61390122,982
12/20/2012,27.49,27.6,27.13,27.36,35574784,981
12/21/2012,26.66,27.01,26.12,26.26,54555183,980
12/24/2012,26.5,26.96,26.2,26.93,28230035,979
12/26/2012,27.03,27.18,26.38,26.51,33175320,978
12/27/2012,26.55,26.8,25.52,26.05,43481682,977
12/28/2012,25.48,26.11,25.15,25.91,56574797,976
12/31/2012,26.2,26.99,26.11,26.62,60374424,975
1/2/2013,27.44,28.18,27.42,28,69844980,974
1/3/2013,27.88,28.47,27.59,27.77,63140530,973
1/4/2013,28.01,28.93,27.83,28.76,72715349,972
1/7/2013,28.69,29.79,28.65,29.42,83781725,971
1/8/2013,29.51,29.6,28.86,29.06,45870933,970
1/9/2013,29.67,30.6,29.49,30.59,104787653,969
1/10/2013,30.6,31.45,30.28,31.3,95316372,968
1/11/2013,31.28,31.96,31.1,31.72,89597985,967
1/14/2013,32.08,32.21,30.62,30.95,98886858,966
1/15/2013,30.64,31.71,29.88,30.1,173242356,965
1/16/2013,30.21,30.35,29.53,29.85,75332648,964
1/17/2013,30.08,30.42,30.03,30.14,40256606,963
1/18/2013,30.31,30.44,29.27,29.66,49631496,962
1/22/2013,29.75,30.89,29.74,30.73,55243212,961
1/23/2013,31.1,31.5,30.8,30.82,48899741,960
1/24/2013,31.27,31.49,30.81,31.08,43845049,959
1/25/2013,31.41,31.93,31.13,31.54,54363551,958
1/28/2013,31.88,32.51,31.81,32.47,59681410,957
1/29/2013,32,32.07,30.71,30.79,72976496,956
1/30/2013,30.98,31.49,30.88,31.24,87682080,955
1/31/2013,29.15,31.47,28.74,30.98,190743612,954
2/1/2013,31.01,31.02,29.63,29.73,85856666,953
2/4/2013,29.06,29.2,28.01,28.11,92362184,952
2/5/2013,28.26,28.96,28.04,28.64,47948191,951
2/6/2013,28.74,29.29,28.66,29.05,38375742,950
2/7/2013,29.11,29.15,28.27,28.65,34540014,949
2/8/2013,28.89,29.17,28.51,28.54,37708729,948
2/11/2013,28.61,28.68,28.04,28.26,37361742,947
2/12/2013,27.67,28.16,27.1,27.37,93495635,946
2/13/2013,27.36,28.32,27.31,27.91,50163959,945
2/14/2013,28.02,28.63,28.01,28.5,35618411,944
2/15/2013,28.52,28.75,28.09,28.32,33109105,943
2/19/2013,28.23,29.08,28.12,28.93,49411547,942
2/20/2013,28.92,29.05,28.33,28.46,42098118,941
2/21/2013,28.28,28.55,27.15,27.28,49647671,940
2/22/2013,27.62,27.63,26.82,27.13,36350149,939
2/25/2013,27.16,27.64,27.15,27.27,34651983,938
2/26/2013,27.36,27.46,26.7,27.39,31611642,937
2/27/2013,27.34,27.34,26.63,26.87,44319628,936
2/28/2013,26.84,27.3,26.34,27.25,83027721,935
3/1/2013,27.05,28.12,26.81,27.78,54064731,934
3/4/2013,27.76,28.06,27.44,27.72,32400645,933
3/5/2013,27.88,28.18,27.21,27.52,40622189,932
3/6/2013,28.1,28.13,27.35,27.45,33532526,931
3/7/2013,27.57,28.68,27.47,28.58,74540116,930
3/8/2013,28.42,28.47,27.73,27.96,44198838,929
3/11/2013,28.01,28.64,27.83,28.14,35642057,928
3/12/2013,28.1,28.32,27.6,27.83,27569590,927
3/13/2013,27.62,27.65,26.92,27.08,39619443,926
3/14/2013,27.1,27.43,26.83,27.04,27646381,925
3/15/2013,27.03,27.06,26.56,26.64,31597364,924
3/18/2013,26.37,26.79,25.78,26.49,26653641,923
3/19/2013,26.53,26.9,26.21,26.55,25254152,922
3/20/2013,26.68,26.69,25.78,25.86,44006434,921
3/21/2013,25.66,26.11,25.56,25.74,24336012,920
3/22/2013,25.8,26.01,25.63,25.73,18456268,919
3/25/2013,25.75,25.8,25.08,25.13,39198947,918
3/26/2013,25.08,25.48,25.03,25.2,26957135,917
3/27/2013,25,26.28,24.72,26.09,52297328,916
3/28/2013,26.09,26.17,25.52,25.58,28585612,915
4/1/2013,25.63,25.89,25.28,25.53,22249212,914
4/2/2013,25.77,26.12,25.3,25.42,35153292,913
4/3/2013,25.83,26.39,25.7,26.25,48195118,912
4/4/2013,26.62,27.23,26.11,27.07,82016745,911
4/5/2013,26.86,27.8,26.61,27.39,64566510,910
4/8/2013,27.19,27.2,26.63,26.85,27255982,909
4/9/2013,26.58,26.89,26.42,26.59,21311013,908
4/10/2013,27.01,27.84,26.9,27.57,45949361,907
4/11/2013,27.48,28.1,27.25,28.02,33368462,906
4/12/2013,28,28,27.24,27.4,28697400,905
4/15/2013,27.16,27.48,26.36,26.52,30275356,904
4/16/2013,26.81,27.11,26.4,26.92,27396392,903
4/17/2013,26.65,27.2,26.39,26.62,26440537,902
4/18/2013,26.82,26.82,25.15,25.69,39058905,901
4/19/2013,25.62,25.96,25.33,25.73,20380862,900
4/22/2013,25.81,26.36,25.7,25.97,25687549,899
4/23/2013,26.22,26.33,25.77,25.98,25191467,898
4/24/2013,25.93,26.4,25.8,26.11,19729809,897
4/25/2013,26.07,26.4,26,26.14,17149965,896
4/26/2013,26.6,27.62,26.6,26.85,33017958,895
4/29/2013,27.16,27.41,26.86,26.98,29201070,894
4/30/2013,27.13,27.85,27,27.77,36245633,893
5/1/2013,27.85,27.92,27.31,27.43,64567590,892
5/2/2013,28.01,29.02,27.98,28.97,104256921,891
5/3/2013,29.04,29.07,28.15,28.31,58506376,890
5/6/2013,28.33,28.46,27.48,27.57,43939307,889
5/7/2013,27.55,27.85,26.85,26.89,41259083,888
5/8/2013,26.88,27.3,26.65,27.12,34654851,887
5/9/2013,27.08,27.55,26.85,27.04,33457150,886
5/10/2013,27.14,27.3,26.57,26.68,30847022,885
5/13/2013,26.6,27.32,26.53,26.82,29068764,884
5/14/2013,26.89,27.28,26.82,27.07,24930207,883
5/15/2013,26.92,26.99,26.4,26.6,30299761,882
5/16/2013,26.48,26.55,25.9,26.13,35506976,881
5/17/2013,26.4,26.6,26.2,26.25,29462605,880
5/20/2013,26.18,26.19,25.69,25.76,42402874,879
5/21/2013,25.87,26.08,25.59,25.66,26261210,878
5/22/2013,25.65,25.85,24.92,25.16,45314475,877
5/23/2013,24.8,25.53,24.77,25.06,37697202,876
5/24/2013,24.97,24.97,24.08,24.31,58727882,875
5/28/2013,24.54,24.54,23.92,24.1,50079642,874
5/29/2013,23.79,23.81,23.26,23.32,64237702,873
5/30/2013,24.13,24.78,23.93,24.55,60733122,872
5/31/2013,24.63,24.95,24.27,24.35,35924917,871
6/3/2013,24.26,24.32,23.71,23.85,35733795,870
6/4/2013,23.89,23.93,23.32,23.52,34808997,869
6/5/2013,23.35,23.7,22.79,22.9,53819645,868
6/6/2013,22.99,23.09,22.67,22.97,31260660,867
6/7/2013,23.03,23.4,22.86,23.29,38699124,866
6/10/2013,24.06,24.6,23.99,24.33,58392986,865
6/11/2013,24.03,24.35,24,24.03,29676383,864
6/12/2013,24.16,24.26,23.58,23.77,26445790,863
6/13/2013,23.72,23.83,23.26,23.73,31189247,862
6/14/2013,23.56,23.89,23.26,23.63,30561387,861
6/17/2013,23.91,24.25,23.75,24.02,33664419,860
6/18/2013,24.09,24.69,24.08,24.21,36709004,859
6/19/2013,24.2,25.19,24.1,24.31,31790525,858
6/20/2013,24.28,24.74,23.65,23.9,42765586,857
6/21/2013,24.59,24.7,24.05,24.53,45826173,856
6/24/2013,23.95,24.11,23.38,23.94,40625948,855
6/25/2013,24.14,24.43,24.04,24.25,24719988,854
6/26/2013,24.51,24.65,23.99,24.16,29890205,853
6/27/2013,24.24,24.84,24.21,24.66,34694013,852
6/28/2013,24.68,24.98,24.42,24.88,96778879,851
7/1/2013,24.97,25.06,24.62,24.81,20582195,850
7/2/2013,24.7,24.77,24.3,24.41,18394008,849
7/3/2013,24.22,24.71,24.15,24.52,10404332,848
7/5/2013,24.65,24.66,24.2,24.37,20229451,847
7/8/2013,24.47,25.04,24.42,24.71,27073983,846
7/9/2013,25.07,25.49,25.03,25.48,30387889,845
7/10/2013,25.58,25.83,25.47,25.8,26721794,844
7/11/2013,25.96,26,25.45,25.81,26777354,843
7/12/2013,25.74,25.93,25.55,25.91,16537840,842
7/15/2013,25.93,26.43,25.65,26.28,24233957,841
7/16/2013,26.39,26.75,26.01,26.32,30817554,840
7/17/2013,26.37,26.78,26.3,26.65,21518463,839
7/18/2013,26.75,26.77,26.12,26.18,24806825,838
7/19/2013,25.82,26.11,25.6,25.88,46544938,837
7/22/2013,25.99,26.13,25.72,26.04,27526213,836
7/23/2013,26.1,26.3,25.97,26.13,28221534,835
7/24/2013,26.32,26.53,26.05,26.51,82635587,834
7/25/2013,33.54,34.88,32.75,34.36,365935212,833
7/26/2013,33.77,34.73,33.56,34.01,136028897,832
7/29/2013,34.07,35.63,34.01,35.43,124884870,831
7/30/2013,35.65,37.96,35.32,37.63,173582710,830
7/31/2013,37.96,38.31,36.33,36.8,154828679,829
8/1/2013,37.3,38.29,36.92,37.49,106066472,828
8/2/2013,37.66,38.49,37.5,38.05,73058424,827
8/5/2013,38.43,39.32,38.25,39.19,79994774,826
8/6/2013,39.11,39.25,37.94,38.55,63950791,825
8/7/2013,38.61,38.94,37.7,38.87,68854764,824
8/8/2013,39.13,39.19,38.43,38.54,41300906,823
8/9/2013,38.59,38.74,38.01,38.5,43620024,822
8/12/2013,38.2,38.5,38.1,38.22,31160951,821
8/13/2013,38.24,38.32,36.77,37.02,65379198,820
8/14/2013,36.83,37.55,36.62,36.65,48423890,819
8/15/2013,36.36,37.07,36.02,36.56,56521095,818
8/16/2013,36.97,37.49,36.9,37.08,45840714,817
8/19/2013,37.43,38.28,37.14,37.81,57609591,816
8/20/2013,38.35,38.58,37.69,38.41,57995140,815
8/21/2013,38.38,38.85,38.14,38.32,46116868,814
8/22/2013,38.37,38.75,38.34,38.55,21931163,813
8/23/2013,39,40.63,38.93,40.55,86442283,812
8/26/2013,40.9,41.94,40.62,41.34,94162358,811
8/27/2013,40.68,41.2,39.42,39.64,72695050,810
8/28/2013,39.96,40.85,39.88,40.55,57918194,809
8/29/2013,40.89,41.78,40.8,41.28,58303395,808
8/30/2013,42.02,42.26,41.06,41.29,67735053,807
9/3/2013,41.84,42.16,41.51,41.87,48774896,806
9/4/2013,42.01,42.17,41.44,41.78,42581854,805
9/5/2013,41.79,42.76,41.77,42.66,50035380,804
9/6/2013,43.09,44.61,42.4,43.95,117535626,803
9/9/2013,44.36,44.79,43.7,44.04,75794696,802
9/10/2013,44.24,44.26,43.23,43.6,54540282,801
9/11/2013,43.39,45.09,43.11,45.04,71676653,800
9/12/2013,45.53,45.62,44.65,44.75,68072239,799
9/13/2013,45.04,45.08,43.93,44.31,52765299,798
9/16/2013,44.85,44.94,42.43,42.51,70807761,797
9/17/2013,42.5,45.44,42.43,45.07,91934557,796
9/18/2013,44.84,45.47,44.4,45.23,79316945,795
9/19/2013,45.51,46.05,45.23,45.98,63972369,794
9/20/2013,46.32,47.6,45.74,47.49,115508400,793
9/23/2013,47.28,47.55,46.29,47.19,75319202,792
9/24/2013,48.5,49.66,48.16,48.45,136716101,791
9/25/2013,49.23,49.54,48.46,49.46,87879619,790
9/26/2013,50.01,50.6,49.5,50.39,98220046,789
9/27/2013,50.29,51.28,49.86,51.24,81410460,788
9/30/2013,50.14,51.6,49.8,50.23,100095417,787
10/1/2013,49.97,51.03,49.45,50.42,98113699,786
10/2/2013,50.13,51.1,49.95,50.28,62834429,785
10/3/2013,50.47,50.72,49.06,49.18,82045323,784
10/4/2013,49.77,51.16,49.57,51.04,74446947,783
10/7/2013,50.73,51.29,50.4,50.52,57203957,782
10/8/2013,50.6,50.6,47.08,47.14,136081330,781
10/9/2013,47.38,47.84,45.26,46.77,147296862,780
10/10/2013,47.86,49.68,47.83,49.05,99773784,779
10/11/2013,49.18,49.87,48.79,49.11,58428451,778
10/14/2013,48.31,49.63,47.91,49.51,68780552,777
10/15/2013,49.99,51,49.18,49.5,81166571,776
10/16/2013,50.04,51.24,49.9,51.14,64678247,775
10/17/2013,51.12,52.22,50.95,52.21,71521899,774
10/18/2013,54.18,54.82,53.6,54.22,88260093,773
10/21/2013,54.68,54.81,53.51,53.85,58235283,772
10/22/2013,54.33,54.76,52.2,52.68,83203892,771
10/23/2013,51.75,52.25,51.13,51.9,57207154,770
10/24/2013,52.38,52.84,51.59,52.44,46775185,769
10/25/2013,53.18,53.24,51.88,51.95,45085348,768
10/28/2013,51.54,51.7,49.61,50.23,73472347,767
10/29/2013,50.73,50.79,49.25,49.4,102143469,766
10/30/2013,50,50.21,48.75,49.01,127072652,765
10/31/2013,47.16,52,46.5,50.2,248809006,764
11/1/2013,50.85,52.09,49.72,49.75,95032876,763
11/4/2013,49.36,49.75,48.02,48.22,80371218,762
11/5/2013,47.79,50.18,47.51,50.1,76835006,761
11/6/2013,50.26,50.45,48.71,49.12,67889337,760
11/7/2013,49.24,49.87,47.3,47.56,97127618,759
11/8/2013,47.81,48.65,47.25,47.53,70731178,758
11/11/2013,47.04,47.53,45.73,46.2,80909626,757
11/12/2013,46,47.37,45.83,46.6,68195832,756
11/13/2013,46.23,48.74,46.06,48.71,79245346,755
11/14/2013,48.7,49.57,48.03,48.99,75117049,754
11/15/2013,49.11,49.48,48.71,49.01,42452937,753
11/18/2013,48.47,48.84,45.8,45.83,85909884,752
11/19/2013,46.26,47,45.72,46.36,75602413,751
11/20/2013,46.61,47.55,46.31,46.43,53932698,750
11/21/2013,46.99,47.46,46.68,46.7,34886170,749
11/22/2013,47.04,47.27,45.96,46.23,40545375,748
11/25/2013,46.36,46.65,44.04,44.82,82565324,747
11/26/2013,44.66,46.17,43.55,45.89,82016490,746
11/27/2013,45.97,46.67,45.53,46.49,44993195,745
11/29/2013,46.75,47.21,46.5,47.01,22953916,744
12/2/2013,46.9,47.54,46.26,47.06,50773647,743
12/3/2013,46.75,47.2,46.29,46.73,32085905,742
12/4/2013,46.46,48.77,46.26,48.62,60890176,741
12/5/2013,48.15,48.7,47.87,48.34,43855036,740
12/6/2013,48.98,49.39,47.71,47.94,42937659,739
12/9/2013,48.06,48.97,47.74,48.84,36055891,738
12/10/2013,48.62,50.77,48.54,50.24,68478561,737
12/11/2013,50.56,50.77,49.01,49.38,65776366,736
12/12/2013,51.03,52.07,50.66,51.83,92723034,735
12/13/2013,51.61,53.5,51.34,53.32,82640992,734
12/16/2013,53.27,54.5,52.91,53.81,85118518,733
12/17/2013,54.75,55.18,54.24,54.86,78751463,732
12/18/2013,55.57,55.89,53.75,55.57,76003479,731
12/19/2013,54.34,55.19,53.95,55.05,89825393,730
12/20/2013,54.91,55.15,54.23,55.12,239823912,729
12/23/2013,55.5,58.32,55.45,57.77,98296983,728
12/24/2013,58.27,58.58,56.91,57.96,46617754,727
12/26/2013,58.32,58.38,57.37,57.73,55101367,726
12/27/2013,57.48,57.68,55.25,55.44,60465751,725
12/30/2013,54.93,55.18,53.43,53.71,68307317,724
12/31/2013,54.12,54.86,53.91,54.65,43152127,723
1/2/2014,54.83,55.22,54.19,54.71,43257622,722
1/3/2014,55.02,55.65,54.53,54.56,38287706,721
1/6/2014,54.42,57.26,54.05,57.2,68974359,720
1/7/2014,57.7,58.55,57.22,57.92,77329009,719
1/8/2014,57.6,58.41,57.23,58.23,56800776,718
1/9/2014,58.65,58.96,56.65,57.22,92349222,717
1/10/2014,57.13,58.3,57.06,57.94,42529258,716
1/13/2014,57.91,58.25,55.38,55.91,63106519,715
1/14/2014,56.46,57.78,56.1,57.74,37590987,714
1/15/2014,57.98,58.57,57.27,57.6,33730619,713
1/16/2014,57.26,58.02,56.83,57.19,34599775,712
1/17/2014,57.3,57.82,56.07,56.3,40883205,711
1/21/2014,56.6,58.58,56.5,58.51,48734147,710
1/22/2014,58.85,59.31,57.1,57.51,61495880,709
1/23/2014,56.37,56.68,55.69,56.63,47996403,708
1/24/2014,56.15,56.42,54.4,54.45,55545338,707
1/27/2014,54.73,54.94,51.85,53.55,74142331,706
1/28/2014,54.02,55.28,54,55.14,48364998,705
1/29/2014,54.61,54.95,53.19,53.53,98089932,704
1/30/2014,62.12,62.5,60.46,61.08,150438699,703
1/31/2014,60.47,63.37,60.17,62.57,87930298,702
2/3/2014,63.03,63.77,60.7,61.48,75105994,701
2/4/2014,62.05,63.14,61.82,62.75,46064897,700
2/5/2014,62.74,63.16,61.27,62.19,53032420,699
2/6/2014,61.46,62.78,61.46,62.16,42153754,698
2/7/2014,62.27,64.57,62.22,64.32,60835746,697
2/10/2014,64.3,64.49,63.47,63.55,43736562,696
2/11/2014,63.75,65,63.35,64.85,45746832,695
2/12/2014,64.92,65.06,64.05,64.45,47409857,694
2/13/2014,64.18,67.33,64.05,67.33,62013396,693
2/14/2014,67.5,67.58,66.72,67.09,36786427,692
2/18/2014,66.94,67.54,66.07,67.3,43862297,691
2/19/2014,67.05,69.08,67,68.06,64258631,690
2/20/2014,67.73,70.11,65.73,69.63,131043748,689
2/21/2014,69.69,69.96,68.45,68.59,70991892,688
2/24/2014,68.74,71.44,68.54,70.78,76951946,687
2/25/2014,70.95,71,69.45,69.85,52189031,686
2/26/2014,70.19,71.22,68.85,69.26,55400399,685
2/27/2014,69.34,70.01,68.87,68.94,41695855,684
2/28/2014,69.47,69.88,67.38,68.46,66900863,683
3/3/2014,66.96,68.05,66.51,67.41,56900444,682
3/4/2014,68.66,68.9,67.62,68.8,42164222,681
3/5/2014,69.69,71.97,69.62,71.57,74649486,680
3/6/2014,71.88,71.89,70.25,70.84,46126260,679
3/7/2014,71.08,71.18,69.47,69.8,38985763,678
3/10/2014,70.77,72.15,70.51,72.03,59949746,677
3/11/2014,72.5,72.59,69.96,70.1,59615238,676
3/12/2014,69.86,71.35,69,70.88,46400431,675
3/13/2014,71.29,71.35,68.15,68.83,57091157,674
3/14/2014,68.49,69.43,67.46,67.72,48226824,673
3/17/2014,68.18,68.95,66.62,68.74,52196699,672
3/18/2014,68.76,69.6,68.3,69.19,40827226,671
3/19/2014,69.17,69.29,67.46,68.24,43980558,670
3/20/2014,68.01,68.23,66.82,66.97,44438500,669
3/21/2014,67.53,67.92,66.18,67.24,60041228,668
3/24/2014,67.19,67.36,63.36,64.1,85695872,667
3/25/2014,64.89,66.19,63.78,64.89,68785500,666
3/26/2014,64.74,64.95,60.37,60.38,97689774,665
3/27/2014,60.51,61.9,57.98,60.97,112649694,664
3/28/2014,61.34,61.95,59.34,60.01,67051528,663
3/31/2014,60.78,61.52,59.87,60.24,53011205,662
4/1/2014,60.46,62.66,60.24,62.62,59291210,661
4/2/2014,63.21,63.91,62.21,62.72,66276613,660
4/3/2014,62.55,63.17,59.13,59.49,83859330,659
4/4/2014,59.94,60.2,56.32,56.75,125465774,658
4/7/2014,55.9,58,55.44,56.95,108487569,657
4/8/2014,57.68,58.71,57.17,58.19,78835935,656
4/9/2014,59.63,62.46,59.19,62.41,100215307,655
4/10/2014,63.08,63.18,58.68,59.16,114987616,654
4/11/2014,57.6,60.31,57.31,58.53,91451960,653
4/14/2014,60.09,60.45,57.78,58.89,72324603,652
4/15/2014,59.29,59.68,55.88,59.09,108622706,651
4/16/2014,59.79,60.19,57.74,59.72,78773521,650
4/17/2014,59.3,60.58,58.72,58.94,88040346,649
4/21/2014,59.46,61.24,59.15,61.24,60363619,648
4/22/2014,62.65,63.44,62.22,63.03,60631312,647
4/23/2014,63.45,63.48,61.26,61.36,96564750,646
4/24/2014,63.6,63.65,59.77,60.87,138769345,645
4/25/2014,59.97,60.01,57.57,57.71,92501529,644
4/28/2014,58.05,58.31,54.66,56.14,107757756,643
4/29/2014,56.09,58.28,55.84,58.15,75557202,642
4/30/2014,57.58,59.85,57.16,59.78,76093004,641
5/1/2014,60.43,62.28,60.21,61.15,82428606,640
5/2/2014,61.3,61.89,60.18,60.46,54189197,639
5/5/2014,59.67,61.35,59.18,61.22,46057411,638
5/6/2014,60.98,61.15,58.49,58.53,55900809,637
5/7/2014,58.77,59.3,56.26,57.39,78587247,636
5/8/2014,57.23,58.82,56.5,56.76,61251053,635
5/9/2014,56.85,57.65,56.38,57.24,52583858,634
5/12/2014,57.98,59.9,57.98,59.83,48575487,633
5/13/2014,59.66,60.89,59.51,59.83,48525476,632
5/14/2014,59.53,60.45,58.95,59.23,47428583,631
5/15/2014,59.26,59.38,57.52,57.92,56813940,630
5/16/2014,58.31,58.45,57.31,58.02,47933075,629
5/19/2014,57.89,59.56,57.57,59.21,43033925,628
5/20/2014,59.5,60.19,58.18,58.56,53931469,627
5/21/2014,58.56,60.5,58.25,60.49,58991505,626
5/22/2014,60.94,61.48,60.4,60.52,54200116,625
5/23/2014,60.41,61.45,60.15,61.35,38293993,624
5/27/2014,61.62,63.51,61.57,63.48,55681663,623
5/28/2014,63.39,64.14,62.62,63.51,47795088,622
5/29/2014,63.84,64.3,63.51,63.83,42699670,621
5/30/2014,63.95,64.17,62.56,63.3,45283577,620
6/2/2014,63.23,63.59,62.05,63.08,35995537,619
6/3/2014,62.62,63.42,62.32,62.87,32216707,618
6/4/2014,62.45,63.59,62.07,63.34,36513991,617
6/5/2014,63.66,64.36,62.82,63.19,47352368,616
6/6/2014,63.37,63.48,62.15,62.5,42442096,615
6/9/2014,62.4,63.34,61.79,62.88,37617413,614
6/10/2014,63.53,65.82,63.5,65.77,69338140,613
6/11/2014,65.32,65.8,64.9,65.78,44241926,612
6/12/2014,65.85,66.47,64.06,64.29,55729828,611
6/13/2014,64.7,64.97,63.83,64.5,29418910,610
6/16/2014,64.16,64.88,63.75,64.19,31045811,609
6/17/2014,64.1,64.88,63.93,64.4,27714816,608
6/18/2014,64.49,65.75,64.05,65.6,35570154,607
6/19/2014,65.46,65.58,64.21,64.34,34245182,606
6/20/2014,64.46,64.81,63.35,64.5,46466073,605
6/23/2014,64.32,65.66,64.22,65.37,34560121,604
6/24/2014,65.36,67.17,65.27,65.72,57334867,603
6/25/2014,65.58,67.48,65.57,67.44,44308249,602
6/26/2014,68,68,66.9,67.13,47713944,601
6/27/2014,67.31,67.7,66.84,67.6,46460627,600
6/30/2014,67.46,67.92,67.13,67.29,27201749,599
7/1/2014,67.58,68.44,67.39,68.06,33243166,598
7/2/2014,68.04,68.3,65.79,66.45,41895220,597
7/3/2014,66.86,67,65.76,66.29,25203215,596
7/7/2014,66.3,66.57,65.12,65.29,28745099,595
7/8/2014,65.06,65.56,62.21,62.76,68926036,594
7/9/2014,63.41,65.12,63.15,64.97,51431582,593
7/10/2014,63.31,65.34,63.05,64.87,44421915,592
7/11/2014,65.28,66.59,64.79,66.34,39212022,591
7/14/2014,67.13,68.17,66.9,67.9,38536924,590
7/15/2014,67.96,68.09,66.26,67.16,44292944,589
7/16/2014,67.54,67.94,67.07,67.66,29593589,588
7/17/2014,67.03,67.85,66.04,66.41,38188432,587
7/18/2014,66.8,68.46,66.16,68.42,42455649,586
7/21/2014,68.81,69.96,68.5,69.4,49539121,585
7/22/2014,69.76,69.77,68.61,69.27,40397693,584
7/23/2014,69.74,71.33,69.61,71.29,78434716,583
7/24/2014,75.96,76.74,74.51,74.98,124167936,582
7/25/2014,74.99,75.67,74.66,75.19,45917435,581
7/28/2014,75.17,75.5,73.85,74.92,41725249,580
7/29/2014,74.72,74.92,73.42,73.71,41324470,579
7/30/2014,74.21,75.19,74.13,74.68,36853018,578
7/31/2014,74,74.16,72.44,72.65,43991772,577
8/1/2014,72.22,73.22,71.55,72.36,43535314,576
8/4/2014,72.36,73.88,72.36,73.51,30776819,575
8/5/2014,73.51,73.59,72.18,72.69,34986147,574
8/6/2014,72.02,73.72,71.79,72.47,30985533,573
8/7/2014,73,74,72.7,73.17,38140550,572
8/8/2014,73.4,73.43,72.56,73.06,27202325,571
8/11/2014,73.46,73.91,73.06,73.44,24591177,570
8/12/2014,73.09,73.33,72.22,72.83,27418983,569
8/13/2014,73.12,74.25,73.05,73.77,29265662,568
8/14/2014,73.97,74.38,73.69,74.3,22207019,567
8/15/2014,74.32,74.65,73,73.63,38909161,566
8/18/2014,74,74.72,73.96,74.59,23973658,565
8/19/2014,74.81,75.58,74.77,75.29,26678640,564
8/20/2014,74.97,75.18,74.62,74.81,22916678,563
8/21/2014,74.92,75.19,74.41,74.57,20101979,562
8/22/2014,74.34,74.73,73.57,74.57,20897393,561
8/25/2014,74.94,75.28,74.79,75.02,19734103,560
8/26/2014,75,75.99,74.73,75.96,23992668,559
8/27/2014,75.27,75.49,74.46,74.63,36323060,558
8/28/2014,74,74.43,73.73,73.86,21946738,557
8/29/2014,74.3,74.82,74.01,74.82,26241162,556
9/2/2014,75.01,76.7,74.82,76.68,34979438,555
9/3/2014,77.14,77.48,75.6,75.83,32389102,554
9/4/2014,75.89,76.93,75.53,75.95,26676444,553
9/5/2014,76.1,77.38,75.6,77.26,29475854,552
9/8/2014,77.26,78.17,77.01,77.89,28183156,551
9/9/2014,77.59,78.17,76.2,76.67,28881803,550
9/10/2014,76.52,77.95,76.51,77.43,29908606,549
9/11/2014,77.13,78.36,77.05,77.92,32247724,548
9/12/2014,78.02,78.3,77.1,77.48,26744356,547
9/15/2014,77.15,77.25,73.43,74.58,49679130,546
9/16/2014,73.52,76.23,73.07,76.08,37742482,545
9/17/2014,75.96,77.25,75.57,76.43,28693348,544
9/18/2014,76.77,77.33,76.52,77,23030936,543
9/19/2014,77.4,78.3,76.44,77.91,76671330,542
9/22/2014,77,77.53,75.95,76.8,31961015,541
9/23/2014,76.33,78.63,76.04,78.29,36814111,540
9/24/2014,78.1,78.62,77.51,78.54,30679642,539
9/25/2014,78.6,78.94,77.13,77.22,37532580,538
9/26/2014,77.59,78.84,77.33,78.79,28872012,537
9/29/2014,78.12,79.2,77.91,79,34030635,536
9/30/2014,79.35,79.71,78.6,79.04,35899444,535
10/1/2014,78.78,78.82,75.9,76.55,55090157,534
10/2/2014,76.57,77.48,75.64,77.08,36487612,533
10/3/2014,77.76,78.06,77.26,77.44,23340173,532
10/6/2014,77.19,77.89,76.85,77.56,25729191,531
10/7/2014,77.05,77.95,76.24,76.29,25317488,530
10/8/2014,76.18,77.71,75.1,77.52,32975514,529
10/9/2014,77.28,77.76,75.85,75.91,32487174,528
10/10/2014,75.59,76.5,72.76,72.91,52146162,527
10/13/2014,73.23,74.78,72.52,72.99,43937638,526
10/14/2014,74,74.18,72.05,73.59,50299288,525
10/15/2014,71.69,73.8,70.32,73.21,61528317,524
10/16/2014,70.79,73.35,70.58,72.63,53529459,523
10/17/2014,74.23,76,73.75,75.95,76341638,522
10/20/2014,75.6,77.09,75.38,76.95,34701260,521
10/21/2014,77.56,78.74,77.15,78.69,32252403,520
10/22/2014,78.82,79.85,78.01,78.37,41862393,519
10/23/2014,79.38,80.63,79.01,80.04,35055800,518
10/24/2014,80.2,80.82,79.32,80.67,32247520,517
10/27/2014,80.74,80.8,79.76,80.28,30168921,516
10/28/2014,80.18,81.16,79.57,80.77,74211768,515
10/29/2014,75.45,76.88,74.78,75.86,106119520,514
10/30/2014,75.05,75.35,72.9,74.11,83269554,513
10/31/2014,74.93,75.7,74.45,74.99,44544325,512
11/3/2014,75.47,75.52,73.7,73.88,40727330,511
11/4/2014,74.23,75.77,73.65,75.76,39326471,510
11/5/2014,76.51,76.8,74.42,74.83,35912588,509
11/6/2014,74.89,75.6,74.31,75.26,21383194,508
11/7/2014,75.39,75.86,75.02,75.6,20774381,507
11/10/2014,75.36,75.48,74.61,75,21575126,506
11/11/2014,74.95,74.98,74.03,74.61,18735123,505
11/12/2014,74.28,75.14,73.54,74.72,26536609,504
11/13/2014,74.74,75.24,73.64,74.25,26448451,503
11/14/2014,74.27,74.93,74.04,74.88,19476878,502
11/17/2014,74.88,75.66,73.88,74.24,28701191,501
11/18/2014,74.45,74.8,73.9,74.34,20696643,500
11/19/2014,74.01,74.54,73.11,73.33,25441163,499
11/20/2014,72.8,73.99,72.51,73.6,19154862,498
11/21/2014,74.5,74.5,73.5,73.75,23060382,497
11/24/2014,73.54,74.35,73.35,74.01,22103831,496
11/25/2014,74.21,75.74,74.13,75.63,32250205,495
11/26/2014,75.53,77.78,75.51,77.62,32721585,494
11/28/2014,77.67,78.27,77.23,77.7,15992035,493
12/1/2014,77.26,77.31,74.8,75.1,31789866,492
12/2/2014,75.33,75.91,75.04,75.46,16773884,491
12/3/2014,75.38,75.73,74.4,74.88,16689857,490
12/4/2014,74.83,75.55,74.66,75.24,14390520,489
12/5/2014,75.8,76.76,75.36,76.36,24306446,488
12/8/2014,76.18,77.25,75.4,76.52,25733853,487
12/9/2014,75.2,76.93,74.78,76.84,25358584,486
12/10/2014,76.65,77.55,76.07,76.18,32210532,485
12/11/2014,76.52,78.52,76.48,77.73,33492661,484
12/12/2014,77.16,78.88,77.02,77.83,28091617,483
12/15/2014,78.46,78.58,76.56,76.99,29396532,482
12/16/2014,76.19,77.39,74.59,74.69,31554593,481
12/17/2014,75.01,76.41,74.9,76.11,29203904,480
12/18/2014,76.89,78.4,76.51,78.4,34222081,479
12/19/2014,78.75,80,78.33,79.88,43334992,478
12/22/2014,80.08,81.89,80,81.45,31395770,477
12/23/2014,82.02,82.17,80.4,80.61,19865820,476
12/24/2014,81.03,81.43,80.75,80.77,7685481,475
12/26/2014,81.02,81.28,80.51,80.78,10647388,474
12/29/2014,80.49,80.96,79.71,80.02,14134666,473
12/30/2014,79.85,80.59,79.1,79.22,14370763,472
12/31/2014,79.54,79.8,77.86,78.02,20040439,471
1/2/2015,78.58,78.93,77.7,78.45,18177475,470
1/5/2015,77.98,79.25,76.86,77.19,26452191,469
1/6/2015,77.23,77.59,75.36,76.15,27399288,468
1/7/2015,76.76,77.36,75.82,76.15,22045333,467
1/8/2015,76.74,78.23,76.08,78.18,23960953,466
1/9/2015,78.2,78.62,77.2,77.74,21157007,465
1/12/2015,77.84,78,76.21,76.72,19190194,464
1/13/2015,77.23,78.08,75.85,76.45,25179561,463
1/14/2015,76.42,77.2,76.03,76.28,25918564,462
1/15/2015,76.4,76.57,73.54,74.05,34133974,461
1/16/2015,74.04,75.32,73.84,75.18,21791529,460
1/20/2015,75.72,76.31,74.82,76.24,22821614,459
1/21/2015,76.16,77.3,75.85,76.74,25096737,458
1/22/2015,77.17,77.75,76.68,77.65,19519458,457
1/23/2015,77.65,78.19,77.04,77.83,16746503,456
1/26/2015,77.98,78.47,77.29,77.5,19260820,455
1/27/2015,76.71,76.88,75.63,75.78,20109977,454
1/28/2015,76.9,77.64,76,76.24,53306422,453
1/29/2015,76.85,78.02,74.21,78,61293468,452
1/30/2015,78,78.16,75.75,75.91,42649491,451
2/2/2015,76.11,76.14,73.75,74.99,41955258,450
2/3/2015,75.19,75.58,73.86,75.4,26957714,449
2/4/2015,75.09,76.35,75.01,75.63,20277368,448
2/5/2015,75.71,75.98,75.21,75.62,15062573,447
2/6/2015,75.68,75.7,74.25,74.47,21210994,446
2/9/2015,74.05,74.83,73.45,74.44,16194322,445
2/10/2015,74.85,75.34,74.5,75.19,15811344,444
2/11/2015,75.09,76.75,75.03,76.51,20877427,443
2/12/2015,76.86,76.87,75.89,76.23,17234976,442
2/13/2015,76.46,76.48,75.5,75.74,18621860,441
2/17/2015,75.3,76.91,75.08,75.6,25254400,440
2/18/2015,75.94,76.9,75.45,76.71,22426421,439
2/19/2015,76.99,79.84,76.95,79.42,45851177,438
2/20/2015,79.55,80.34,79.2,79.9,36931698,437
2/23/2015,79.96,80.19,78.38,78.84,24139056,436
2/24/2015,78.5,79.48,78.1,78.45,18897133,435
2/25/2015,78.5,80.2,78.5,79.56,25593800,434
2/26/2015,79.88,81.37,79.72,80.41,31111891,433
2/27/2015,80.68,81.23,78.62,78.97,30739197,432
3/2/2015,79,79.86,78.52,79.75,21662537,431
3/3/2015,79.61,79.7,78.52,79.6,18634973,430
3/4/2015,79.3,81.15,78.85,80.9,28126686,429
3/5/2015,81.23,81.99,81.05,81.21,27825733,428
3/6/2015,80.9,81.33,79.83,80,24488581,427
3/9/2015,79.68,79.91,78.63,79.44,18925097,426
3/10/2015,78.5,79.26,77.55,77.55,23067057,425
3/11/2015,77.8,78.43,77.26,77.57,20215704,424
3/12/2015,78.1,79.05,77.91,78.93,16093319,423
3/13/2015,78.6,79.38,77.68,78.05,18557296,422
3/16/2015,77.96,78.12,77.36,78.07,19305406,421
3/17/2015,78.36,79.78,78.34,79.36,22169969,420
3/18/2015,79.25,81.24,79.17,80.91,36912446,419
3/19/2015,81.12,83,81,82.75,42099523,418
3/20/2015,83.39,84.6,83.07,83.8,44466323,417
3/23/2015,83.92,84.96,83.3,84.43,27357333,416
3/24/2015,84.71,86.07,84.52,85.31,32576522,415
3/25/2015,85.5,85.52,82.92,82.92,37436147,414
3/26/2015,82.72,83.77,82.14,83.01,32794800,413
3/27/2015,83.38,83.95,82.88,83.3,18372582,412
3/30/2015,83.81,84.34,82.41,83.2,24527686,411
3/31/2015,82.9,83.5,82.21,82.22,19734277,410
4/1/2015,82.5,82.72,80.87,81.66,22058167,409
4/2/2015,82.25,82.56,81.44,81.56,19664053,408
4/6/2015,80.8,82.81,80.8,82.44,19062934,407
4/7/2015,82.65,83.42,82.22,82.32,17467042,406
4/8/2015,82.63,83.1,81.84,82.28,18966732,405
4/9/2015,82.5,82.8,81.71,82.17,15927281,404
4/10/2015,82.21,82.61,81.91,82.04,12529738,403
4/13/2015,81.93,83.94,81.92,83.01,26883094,402
4/14/2015,83.17,83.69,82.44,83.52,19634173,401
4/15/2015,83.55,83.66,82.27,82.7,22390943,400
4/16/2015,82.47,83.07,82.15,82.31,13769687,399
4/17/2015,81.48,82.11,80.37,80.78,24214983,398
4/20/2015,81.54,83.15,81.24,83.09,28796761,397
4/21/2015,84,84.49,83.54,83.62,27171852,396
4/22/2015,84.32,84.74,83.65,84.63,45547963,395
4/23/2015,84.1,85.59,82.41,82.41,73728080,394
4/24/2015,82.77,82.94,81.48,81.53,29660356,393
4/27/2015,81.87,82.93,81.63,81.91,25446032,392
4/28/2015,81.83,81.9,80.23,80.68,23775344,391
4/29/2015,80.01,81.39,79.52,80.46,26430258,390
4/30/2015,80.01,80.96,78.32,78.77,28999005,389
5/1/2015,79.24,79.76,78.11,78.99,24136358,388
5/4/2015,79.33,79.69,78.63,78.81,14691991,387
5/5/2015,78.55,78.8,77.22,77.56,22311318,386
5/6/2015,77.97,78.81,77.05,78.1,28663026,385
5/7/2015,78,78.94,77.56,78.42,19749428,384
5/8/2015,79.1,79.23,78.03,78.51,19943595,383
5/11/2015,78.48,79.03,77.93,78.01,18874054,382
5/12/2015,77.87,77.89,76.79,77.46,21285310,381
5/13/2015,77.72,78.53,77.65,78.44,21512309,380
5/14/2015,78.94,81.84,78.67,81.37,49437996,379
5/15/2015,81.41,81.52,80.18,80.42,27069884,378
5/18/2015,80.33,81.38,80.23,80.88,21613674,377
5/19/2015,81.25,81.69,80.55,80.63,17955389,376
5/20/2015,80.47,81.1,79.46,80.55,23056899,375
5/21/2015,80.19,80.92,80.08,80.48,13402749,374
5/22/2015,80.35,81.31,80.25,80.54,19567937,373
5/26/2015,80.43,80.6,79.08,79.34,16321339,372
5/27/2015,79.6,80.66,79.43,80.55,14160865,371
5/28/2015,80.25,81.07,80,80.14,11982008,370
5/29/2015,79.95,80.07,78.88,79.19,16134580,369
6/1/2015,79.3,80.38,78.66,80.29,18119012,368
6/2/2015,79.76,81.35,79.56,80.44,18923300,367
6/3/2015,81.35,82.53,81.25,82.44,31774993,366
6/4/2015,82.14,82.95,81.51,82.05,20863877,365
6/5/2015,81.87,82.46,81.51,82.14,16143093,364
6/8/2015,81.82,82,80.13,80.67,16915471,363
6/9/2015,80.6,81.19,79.32,80.67,16497538,362
6/10/2015,80.83,82.6,80.81,82.16,21531208,361
6/11/2015,82.31,82.9,81.36,81.83,18656811,360
6/12/2015,81.37,82.09,81.2,81.53,11417882,359
6/15/2015,80.55,80.93,80.07,80.71,18805087,358
6/16/2015,80.82,81.51,80.45,81.06,13693666,357
6/17/2015,81.76,82.22,81.34,81.79,18350287,356
6/18/2015,81.64,83.19,81.57,82.9,26782573,355
6/19/2015,82.83,82.98,82.12,82.51,23353194,354
6/22/2015,83.41,84.97,83.31,84.74,29383079,353
6/23/2015,84.96,87.97,84.76,87.88,50667853,352
6/24/2015,87.66,89.25,87.45,88.86,41370227,351
6/25/2015,89.26,89.4,87.84,87.98,27301967,350
6/26/2015,88.12,88.34,86.83,88.01,38214647,349
6/29/2015,86.61,87.5,85.73,85.8,35957872,348
6/30/2015,86.6,86.7,85.57,85.76,23233183,347
7/1/2015,86.77,87.95,86.49,86.91,25260045,346
7/2/2015,87.4,87.44,86.34,87.28,16908781,345
7/6/2015,86.49,88.18,86.39,87.55,24635915,344
7/7/2015,87.8,87.85,85.23,87.22,33059921,343
7/8/2015,86.29,86.75,85.44,85.65,24399340,342
7/9/2015,86.73,87.6,85.65,85.88,23307402,341
7/10/2015,87.35,88.22,86.77,87.95,23245873,340
7/13/2015,88.66,90.22,88.42,90.1,29976670,339
7/14/2015,90.46,90.8,89.65,89.68,26627849,338
7/15/2015,90,90.99,89.42,89.76,30886601,337
7/16/2015,90.28,90.86,89.77,90.85,21804086,336
7/17/2015,92.55,95.39,92.54,94.97,54001635,335
7/20/2015,95.85,98.6,95.36,97.91,54860541,334
7/21/2015,98.95,99.24,97.14,98.39,39453332,333
7/22/2015,96.74,97.58,95.92,97.04,28299518,332
7/23/2015,96.96,97.45,94.81,95.44,29418833,331
7/24/2015,97.35,97.76,95.88,96.95,33444930,330
7/27/2015,96.58,96.61,93.83,94.17,38585381,329
7/28/2015,94.84,95.56,93.31,95.29,35235993,328
7/29/2015,96.32,97.28,94.74,96.99,64648320,327
7/30/2015,94.91,95.81,91.8,95.21,86211323,326
7/31/2015,94.95,96.33,93.95,94.01,46509045,325
8/3/2015,93.53,95.08,92.8,94.14,29343117,324
8/4/2015,93.79,94.73,93.33,94.06,20136036,323
8/5/2015,95.25,97.09,95.18,96.44,29813174,322
8/6/2015,97.18,98.74,94.42,95.12,42271318,321
8/7/2015,95.38,95.4,93.61,94.3,23199145,320
8/10/2015,95.68,95.9,93.63,94.15,21624153,319
8/11/2015,93.73,94.76,92.9,93.62,22491031,318
8/12/2015,92.7,94.44,91.19,94.19,27120375,317
8/13/2015,94.05,94.73,93.35,93.43,17451768,316
8/14/2015,93.54,94.72,93.21,94.42,15929656,315
8/17/2015,94.42,94.46,93.39,93.93,18313531,314
8/18/2015,94.08,95.85,94.04,95.17,22278848,313
8/19/2015,94.63,96.1,94.16,95.31,23251271,312
8/20/2015,93.54,94.77,90.46,90.56,44219624,311
8/21/2015,87.52,89.18,85.61,86.06,62258046,310
8/24/2015,77.03,87.14,72,82.09,81647863,309
8/25/2015,86.95,87.67,83,83,51447569,308
8/26/2015,85.95,87.46,83.26,87.19,44492025,307
8/27/2015,89.1,90.06,87.19,89.73,41778567,306
8/28/2015,89.88,91.48,89.79,91.01,33005640,305
8/31/2015,90.6,91.05,88.89,89.43,32006693,304
9/1/2015,86.85,89.39,86.5,87.23,35798110,303
9/2/2015,88.81,89.89,87.63,89.89,26837970,302
9/3/2015,89.76,89.82,87.73,88.15,26882208,301
9/4/2015,87.2,88.39,86.7,88.26,27183704,300
9/8/2015,89.69,90.24,88.83,89.53,26848975,299
9/9/2015,90.78,91.98,90.17,90.44,32439033,298
9/10/2015,90.07,92.06,89.63,91.98,26333820,297
9/11/2015,91.68,92.08,91.13,92.05,21031075,296
9/14/2015,92.31,92.62,91.6,92.31,20103573,295
9/15/2015,92.37,93.25,91.79,92.9,18638271,294
9/16/2015,92.9,93.6,92.63,93.45,16256252,293
9/17/2015,93.37,95.51,92.9,94.34,27679870,292
9/18/2015,93.2,95.19,93.05,94.4,61898703,291
9/21/2015,94.62,96.49,94.52,95.55,28657457,290
9/22/2015,93.77,94.68,91.92,92.96,36683731,289
9/23/2015,93.4,94.32,92.8,93.97,21645740,288
9/24/2015,93.06,94.76,92.24,94.41,28943670,287
9/25/2015,95.79,95.85,92.06,92.77,28803183,286
9/28/2015,92.08,92.29,88.18,89.21,41024444,285
9/29/2015,89.1,90.06,85.72,86.67,41810196,284
9/30/2015,88.44,90.02,88.01,89.9,36030288,283
10/1/2015,90.05,90.95,88.36,90.95,29070207,282
10/2/2015,88.9,92.2,88.37,92.07,37623238,281
10/5/2015,92.94,94.27,92.66,94.01,26903052,280
10/6/2015,94.08,94.17,92.34,92.8,22172764,279
10/7/2015,93.11,93.66,91.37,92.4,24060338,278
10/8/2015,92.75,93.22,90.47,92.47,27213284,277
10/9/2015,92.9,93.74,92.24,93.24,19886170,276
10/12/2015,93.32,94.6,92.67,94.26,18371840,275
10/13/2015,93.66,95.37,93.55,94.12,19249995,274
10/14/2015,94.08,95.2,93.61,94.07,19159906,273
10/15/2015,94.99,96.3,94.9,95.96,27475421,272
10/16/2015,96.18,97.59,95.35,97.54,25304113,271
10/19/2015,97.18,98.57,96.92,98.47,23316834,270
10/20/2015,98.73,99.59,96.56,97,30700517,269
10/21/2015,97.37,98.18,96.47,97.11,21917763,268
10/22/2015,97.79,99.73,97.55,99.67,25517505,267
10/23/2015,101.91,102.85,100.16,102.19,42657856,266
10/26/2015,103.58,103.81,101.55,103.77,25822349,265
10/27/2015,102.94,104.1,102.4,103.7,22951414,264
10/28/2015,103.9,104.48,102.92,104.2,24024149,263
10/29/2015,103.96,105.12,103.52,104.88,20099855,262
10/30/2015,104.4,104.72,101.65,101.97,33381053,261
11/2/2015,101.72,103.47,101.18,103.31,23876266,260
11/3/2015,103.22,103.65,102.4,102.58,21096752,259
11/4/2015,103.19,104.14,102.48,103.94,38606400,258
11/5/2015,108.8,110.65,107.95,108.76,63013501,257
11/6/2015,108.04,108.74,105.91,107.1,34898019,256
11/9/2015,107,108.25,105.86,106.49,26326885,255
11/10/2015,106.17,108.15,105.24,107.91,24409940,254
11/11/2015,108.27,109.87,107.11,109.01,25003046,253
11/12/2015,108.48,109.39,108,108.02,20763843,252
11/13/2015,107.71,108.25,103.83,103.95,29438853,251
11/16/2015,103.32,104.17,100.47,104.04,49140589,250
11/17/2015,104.62,106.2,104.14,105.13,26649223,249
11/18/2015,105.8,107.88,105.39,107.77,23679764,248
11/19/2015,107.36,107.73,105.95,106.26,25477683,247
11/20/2015,106.84,107.87,106.62,107.32,22085405,246
11/23/2015,107.19,107.47,106.08,106.95,19733283,245
11/24/2015,106,106.49,104.39,105.74,23462829,244
11/25/2015,106.33,106.6,105.1,105.41,15150785,243
11/27/2015,105.78,105.96,104.86,105.45,5913066,242
11/30/2015,105.84,106.1,103.75,104.24,20383179,241
12/1/2015,104.83,107.15,104.5,107.12,22781868,240
12/2/2015,107,107.92,105.79,106.07,24429063,239
12/3/2015,103.95,106.85,103.35,104.38,23236485,238
12/4/2015,104.75,107.73,104.11,106.18,21224721,237
12/7/2015,106.48,106.83,104.66,105.61,15474890,236
12/8/2015,104,106.91,103.95,106.49,20401791,235
12/9/2015,106.18,106.44,103.55,104.6,23517268,234
12/10/2015,105.05,106.4,104.41,105.42,17454312,233
12/11/2015,104.15,104.34,101.91,102.12,26427727,232
12/14/2015,102.28,104.74,101.46,104.66,24648093,231
12/15/2015,105.3,105.8,104.28,104.55,21764331,230
12/16/2015,105.37,107.09,104.19,106.79,22680547,229
12/17/2015,107.49,107.75,106.13,106.22,21675686,228
12/18/2015,106.08,106.59,103.97,104.04,35994199,227
12/21/2015,104.91,105.15,103.6,104.77,16138786,226
12/22/2015,105.22,105.66,104.81,105.51,14597122,225
12/23/2015,105.89,106.11,103.86,104.63,19599673,224
12/24/2015,104.74,105.32,104.5,105.02,6512134,223
12/28/2015,105.02,105.98,104.53,105.93,13069733,222
12/29/2015,106.42,107.74,106.25,107.26,17179901,221
12/30/2015,107,107.25,106.06,106.22,13115007,220
12/31/2015,106,106.17,104.62,104.66,18391064,219
1/4/2016,101.95,102.24,99.75,102.22,37717312,218
1/5/2016,102.89,103.71,101.66,102.73,23258238,217
1/6/2016,101.13,103.77,100.9,102.97,25096183,216
1/7/2016,100.5,101.43,97.3,97.92,45172906,215
1/8/2016,99.88,100.5,97.03,97.33,35402298,214
1/11/2016,97.91,98.6,95.39,97.51,29932385,213
1/12/2016,99,99.96,97.55,99.37,28395390,212
1/13/2016,100.58,100.58,95.21,95.44,33091576,211
1/14/2016,95.85,98.87,92.45,98.37,48488509,210
1/15/2016,93.98,96.38,93.54,94.97,45935550,209
1/19/2016,96.53,97.42,93.92,95.26,30620565,208
1/20/2016,92.83,95,89.37,94.35,58982367,207
1/21/2016,94.91,95.99,92.62,94.16,30468830,206
1/22/2016,96.41,98.07,95.49,97.94,30331442,205
1/25/2016,98.72,99.48,96.93,97.01,32319141,204
1/26/2016,97.76,97.88,95.66,97.34,26637412,203
1/27/2016,97.79,97.85,94.23,94.45,48311872,202
1/28/2016,107.2,110.34,104.81,109.11,107084072,201
1/29/2016,108.99,112.84,108.84,112.21,62357459,200
2/1/2016,112.27,115.72,112.01,115.09,45840867,199
2/2/2016,114.8,117.59,113.2,114.61,59644925,198
2/3/2016,115.27,115.34,109.75,112.69,56848084,197
2/4/2016,111.8,111.94,109.25,110.49,38648485,196
2/5/2016,109.51,109.58,103.18,104.07,76522716,195
2/8/2016,100.41,102.68,97.46,99.75,71016537,194
2/9/2016,97.14,102.4,96.82,99.54,62580050,193
2/10/2016,101.55,103.25,100.24,101,44943948,192
2/11/2016,99.6,105.11,98.88,101.91,43493102,191
2/12/2016,103.74,104.24,101.09,102.01,36038104,190
2/16/2016,103.8,103.93,100.24,101.61,45438324,189
2/17/2016,101.94,105.72,100.4,105.2,43852623,188
2/18/2016,105.8,106,103.03,103.47,29374587,187
2/19/2016,102.55,105.02,102.06,104.57,32337444,186
2/22/2016,105.49,108.25,105.34,107.16,35630883,185
2/23/2016,106.85,107.47,105.12,105.46,25204873,184
2/24/2016,104.21,106.95,102.74,106.88,34239396,183
2/25/2016,107.11,108.07,105.61,108.07,29796180,182
2/26/2016,108.7,109.45,107.16,107.92,26578891,181
2/29/2016,107.6,108.91,106.75,106.92,32243645,180
3/1/2016,107.83,109.82,107.6,109.82,26694696,179
3/2/2016,109.68,110.55,108.77,109.95,25641627,178
3/3/2016,110.25,110.3,108.54,109.58,21333496,177
3/4/2016,110.05,110.05,107.93,108.39,24872895,176
3/7/2016,108.07,108.07,104.72,105.73,31436401,175
3/8/2016,104.78,107.37,104.4,105.93,25493546,174
3/9/2016,106.7,107.51,105.49,107.51,20449881,173
3/10/2016,107.91,108.66,105.77,107.32,24780710,172
3/11/2016,108.48,109.42,107.92,109.41,20581320,171
3/14/2016,109.28,110.33,108.77,109.89,17236054,170
3/15/2016,109.11,110.83,108.84,110.67,17618460,169
3/16/2016,110.49,112.5,110.1,112.18,24619730,168
3/17/2016,112.15,112.69,110.73,111.02,24204773,167
3/18/2016,111.56,112.42,110.27,111.45,36216958,166
3/21/2016,111.66,112.37,111.03,111.85,18394520,165
3/22/2016,111.36,112.88,111.17,112.25,18957831,164
3/23/2016,112.01,113.19,112,112.54,18468742,163
3/24/2016,112.13,113.09,111.68,113.05,17063766,162
3/28/2016,113.32,114.59,112.95,113.69,21312750,161
3/29/2016,113.83,116.32,113.64,116.14,29765753,160
3/30/2016,116.73,116.99,114.36,114.7,33180317,159
3/31/2016,114.7,115.01,113.77,114.1,21138743,158
4/1/2016,113.75,116.17,113.35,116.06,24725954,157
4/4/2016,114.07,114.55,111.61,112.55,48382180,156
4/5/2016,112.11,113.32,111.9,112.22,22752484,155
4/6/2016,112.47,113.81,112.42,113.71,20522412,154
4/7/2016,113.79,114.89,113.07,113.64,20324759,153
4/8/2016,114.25,114.33,109.9,110.63,48424776,152
4/11/2016,110.7,110.91,108.77,108.99,39563863,151
4/12/2016,109.34,111.16,108.99,110.61,26175943,150
4/13/2016,112.23,112.65,106.52,110.51,88113011,149
4/14/2016,110.62,112.04,110.26,110.84,28430914,148
4/15/2016,110.79,110.97,109.2,109.64,20763396,147
4/18/2016,109.74,110.81,109.2,110.45,21092654,146
4/19/2016,111.1,112.45,109.16,112.29,30147644,145
4/20/2016,112.43,113.27,111.56,112.42,20998319,144
4/21/2016,112.55,114.04,112.31,113.44,20409388,143
4/22/2016,111.21,111.75,109.01,110.56,38330597,142
4/25/2016,109.87,110.67,109.07,110.1,20979671,141
4/26/2016,110.49,110.5,108.15,108.76,22189916,140
4/27/2016,107.94,108.94,106.31,108.89,44036820,139
4/28/2016,119.58,120.79,116.23,116.73,86746016,138
4/29/2016,116.82,117.84,115.84,117.58,37031156,137
5/2/2016,117.83,118.73,116.57,118.57,27769280,136
5/3/2016,117.52,118.16,117.02,117.43,23746203,135
5/4/2016,116.61,118.3,116.57,118.06,23380209,134
5/5/2016,118.04,118.98,117.25,117.81,21999237,133
5/6/2016,117.16,119.64,117.11,119.49,26216236,132
5/9/2016,119.54,120.28,118.9,119.24,21077084,131
5/10/2016,119.62,120.5,119,120.5,22803690,130
5/11/2016,120.41,121.08,119.42,119.52,21927392,129
5/12/2016,119.98,120.84,118.9,120.28,21636556,128
5/13/2016,120.38,120.64,119.68,119.81,18047101,127
5/16/2016,119.38,119.61,117.35,118.67,31178289,126
5/17/2016,118.82,119.01,117.2,117.35,21269720,125
5/18/2016,116.8,118.27,116.73,117.65,21571824,124
5/19/2016,117.05,117.49,115.88,116.81,20485379,123
5/20/2016,116.96,117.99,116.95,117.35,18870608,122
5/23/2016,117.42,117.6,115.94,115.97,20367390,121
5/24/2016,116.24,117.73,116.12,117.7,20074093,120
5/25/2016,118.13,118.66,117.38,117.89,20019778,119
5/26/2016,118.24,119.76,117.92,119.47,18191472,118
5/27/2016,119.56,119.85,119.01,119.38,13464434,117
5/31/2016,119.46,120.1,118.12,118.81,23547597,116
6/1/2016,118.5,119.08,117.82,118.78,15029494,115
6/2/2016,118.69,119.44,118.22,118.93,13228310,114
6/3/2016,118.98,118.98,117.86,118.47,14135114,113
6/6/2016,118.62,119.43,118.36,118.79,12744676,112
6/7/2016,119.24,119.3,117.67,117.76,17103023,111
6/8/2016,117.76,118.6,117.27,118.39,14505596,110
6/9/2016,118.13,118.68,117.71,118.56,13859240,109
6/10/2016,117.54,118.11,116.26,116.62,18510826,108
6/13/2016,115,115.48,113.31,113.95,31718239,107
6/14/2016,114.07,114.95,113.58,114.94,17618479,106
6/15/2016,115.3,115.44,114.07,114.6,19819432,105
6/16/2016,113.87,114.5,112.94,114.39,19236255,104
6/17/2016,114.42,114.43,112.56,113.02,24644308,103
6/20/2016,113.77,114.72,112.75,113.37,20785390,102
6/21/2016,114.12,115.21,113.97,114.38,19166269,101
6/22/2016,114.65,114.74,113.61,113.91,14846329,100
6/23/2016,114.37,115.09,113.54,115.08,16176895,99
6/24/2016,111.01,113.68,111,112.08,40643130,98
6/27/2016,111.57,111.57,108.23,108.97,36409606,97
6/28/2016,110.63,112.75,110.55,112.7,26813842,96
6/29/2016,113.37,114.25,113.04,114.16,20968273,95
6/30/2016,114.67,115.18,113.67,114.28,23192716,94
7/1/2016,114.2,115.13,113.81,114.19,14980023,93
7/5/2016,113.94,114.11,112.97,114,14207037,92
7/6/2016,113.36,116.79,112.97,116.7,24337586,91
7/7/2016,116.63,116.97,115.36,115.85,16630201,90
7/8/2016,116.43,117.5,115.85,117.24,18142597,89
7/11/2016,117.71,118.7,117.5,117.87,17711570,88
7/12/2016,118.63,118.72,117.57,117.93,15217700,87
7/13/2016,118.39,118.4,116.68,116.78,16207662,86
7/14/2016,117.5,117.64,116.7,117.29,14579736,85
7/15/2016,117.74,118.28,116.58,116.86,16645964,84
7/18/2016,117.32,119.61,116.89,119.37,20868367,83
7/19/2016,118.99,120.85,118.66,120.61,21541292,82
7/20/2016,121.25,122.2,120.56,121.92,20046452,81
7/21/2016,121.92,122.1,120.25,120.61,17801663,80
7/22/2016,119.9,121.01,119.31,121,18422410,79
7/25/2016,121.39,121.85,117.78,121.63,18487449,78
7/26/2016,122,122.07,120.75,121.22,17611964,77
7/27/2016,122.42,125,121.51,123.34,52654239,76
7/28/2016,127.52,128.33,123.63,125,78955758,75
7/29/2016,124.65,125.84,123.71,123.94,35058803,74
8/1/2016,123.85,124.58,122.86,124.31,25006850,73
8/2/2016,124.06,124.8,122.07,123.09,23968414,72
8/3/2016,123.09,123.92,122.31,122.51,18525332,71
8/4/2016,122.94,124.79,122.51,124.36,21065974,70
8/5/2016,124.98,125.84,124.62,125.15,20184035,69
8/8/2016,125.25,125.45,124.55,125.26,15233929,68
8/9/2016,125.34,126.09,124.53,125.06,19620967,67
8/10/2016,125.07,125.48,124.54,124.88,10670148,66
8/11/2016,125.2,125.38,124.75,124.9,11729519,65
8/12/2016,124.7,125,124.18,124.88,12158955,64
8/15/2016,124.91,124.92,123.7,123.9,19295130,63
8/16/2016,123.5,123.92,122.78,123.3,14222410,62
8/17/2016,123.66,124.38,122.85,124.37,13794179,61
8/18/2016,124.01,124.26,123.64,123.91,12400816,60
8/19/2016,123.6,124.16,123.28,123.56,11688265,59
8/22/2016,123.33,124.83,123.11,124.15,14386361,58
8/23/2016,124.51,125.09,124.25,124.37,13309452,57
8/24/2016,124.47,124.69,123.09,123.48,12243719,56
8/25/2016,123.12,124.37,123.1,123.89,10730811,55
8/26/2016,124.05,125.19,123.91,124.96,17504825,54
8/29/2016,124.35,126.73,124.35,126.54,15925900,53
8/30/2016,126.6,126.6,125.15,125.84,17804286,52
8/31/2016,125.6,126.22,125.1,126.12,14200636,51
9/1/2016,126.38,126.63,125.6,126.17,13536125,50
9/2/2016,126.85,126.86,126,126.51,12118773,49
9/6/2016,126.67,129.94,126.47,129.73,26278407,48
9/7/2016,130.04,131.98,129.95,131.05,27990796,47
9/8/2016,130.92,131.08,129.81,130.27,15676595,46
9/9/2016,129.71,129.95,127.1,127.1,27100679,45
9/12/2016,125.96,128.76,125.75,128.69,21252752,44
9/13/2016,128.03,128.35,126.66,127.21,18016152,43
9/14/2016,126.89,128.8,126.89,127.77,15720388,42
9/15/2016,127.98,129.1,127.67,128.35,15111838,41
9/16/2016,128.2,129.18,128.2,129.07,24119174,40
9/19/2016,129.91,129.94,128.26,128.65,14958794,39
9/20/2016,128.65,129.17,128.03,128.64,11083808,38
9/21/2016,129.13,130,128.39,129.94,14068336,37
9/22/2016,130.5,130.73,129.56,130.08,15538307,36
9/23/2016,127.56,128.6,127.3,127.96,28326266,35
9/26/2016,127.37,128.16,126.8,127.31,15064940,34
9/27/2016,127.61,129.01,127.43,128.69,15637111,33
9/28/2016,129.21,129.47,128.4,129.23,12047636,32
9/29/2016,129.18,129.29,127.55,128.09,14532241,31
9/30/2016,128.03,128.59,127.45,128.27,18402945,30
10/3/2016,128.38,129.09,127.8,128.77,13156943,29
10/4/2016,129.17,129.28,127.55,128.19,14307548,28
10/5/2016,128.25,128.8,127.83,128.47,12386753,27
10/6/2016,128.43,129.06,128.08,128.74,11682729,26
10/7/2016,129.04,129.25,128.33,128.99,12804420,25
10/10/2016,129.68,130.7,129.2,130.24,15138720,24
10/11/2016,130.23,130.64,128.23,128.88,17537928,23
10/12/2016,129.01,129.66,128.46,129.05,11072991,22
10/13/2016,128.21,128.25,126.75,127.82,17139306,21
10/14/2016,128.49,128.95,127.58,127.88,13345292,20
10/17/2016,128.2,128.47,127.32,127.54,11351681,19
10/18/2016,128.68,129.39,128.01,128.57,13503967,18
10/19/2016,128.74,130.47,128.6,130.11,16752321,17
10/20/2016,130.07,130.66,129.5,130,13167503,16
10/21/2016,129.78,132.13,129.7,132.07,19088794,15
10/24/2016,132.72,133.4,132.15,133.28,17470227,14
10/25/2016,133.5,133.5,132.22,132.29,13336787,13
10/26/2016,131.64,132.26,130.94,131.04,13084731,12
10/27/2016,131.74,131.8,129.27,129.69,16741393,11
10/28/2016,130.5,132.97,129.93,131.29,24545547,10
10/31/2016,132.01,132.12,130.88,130.99,15668982,9
11/1/2016,131.41,131.94,128.65,129.5,22077779,8
11/2/2016,130.23,130.23,126.28,127.17,50190225,7
11/3/2016,122,123.28,119.5,120,63766259,6
11/4/2016,119.59,121.93,119.25,120.75,30545466,5
11/7/2016,122.83,123.21,121.35,122.15,23008880,4
11/8/2016,122.03,124.61,121.54,124.22,19460768,3
11/9/2016,121.5,123.81,120.51,123.18,31916020,2
11/10/2016,123.93,124.18,115.27,120.8,67846704,1
